class_name,candidate_rank,saved_name,sha256,decision,reason
airplane,1,airplane_002.png,d2cffab52a67a501d19c4f73c056b2bb1a6afa8660d91b1df72b1f759e85c050,accepted,visually reviewed candidate
airplane,2,airplane_042.png,f635285d1714c026f5f0974842644b8108eeb66f0643cbcbd84aaa30078d715e,accepted,visually reviewed candidate
airplane,3,airplane_077.png,c4a06d4ecbcfda5322ca306f4c1cebd93225b353742e947f64502de103a2755e,accepted,visually reviewed candidate
airplane,4,airplane_019.png,f38e56d3bb70f865512363fcbde4e1ef995d6968ad0bdf7e249ec2ce46247bf0,accepted,visually reviewed candidate
airplane,5,airplane_055.png,601c3389427ecd8ae5b01a0bd361a9636075e95e898371859b33ced3ca9d0af7,accepted,visually reviewed candidate
airplane,6,airplane_021.png,b92ac54d982d2d63ebf61eaaa5155cbfa394d3b823d35e6321a2be1d1a9bc168,rejected,visual audit rejection
airplane,7,airplane_020.png,e1cf15a904181bb90dddd06c9ed2f2bef1e8acac07befdbefec636db96e18e9a,accepted,visually reviewed candidate
airplane,8,airplane_064.png,d01f0c193618e1ed29a94d96c3110ec758f317ec4cb44cf04fbc0161c42293d7,accepted,visually reviewed candidate
airplane,9,airplane_007.png,aa979d1035a0d5dba37482fa55f8c2d359e528c95bc45e71ba40b0421576c923,accepted,visually reviewed candidate
airplane,10,airplane_070.png,ad725dc7c883b456eca6c84a0d5d91555382414145f26f17681ed48c89a59e02,accepted,visually reviewed candidate
airplane,11,airplane_038.png,5f095cf12249f3776409a7dcdafb3dd253fad9eee0a7a9c838f3d7d397103b9b,rejected,visual audit rejection
airplane,12,airplane_056.png,712b78c97827b8cccbed269ad5123446d727c2ee272289d2e7f3b12cbbb0fb9e,rejected,visual audit rejection
airplane,13,airplane_031.png,20dbc784b28ab0ab6594f88637ab64b1379e976b10765393af9b4459febd7e7e,accepted,visually reviewed candidate
airplane,14,airplane_057.png,fe9cfff7cdac72971bb18ca2e893528d27b527054dcfea4f76dce1c9403e8a32,accepted,visually reviewed candidate
airplane,15,airplane_054.png,8b6015c7b86553eb74561ddf22c7a01a854034f47a325d4c23414694870a99be,accepted,visually reviewed candidate
airplane,16,airplane_001.png,ecc68485fd90b4c081ace938aa04808083be2280e1e3c5c27e3038a67518ed66,accepted,visually reviewed candidate
airplane,17,airplane_049.png,53463a1dc45586e443f88dbf7f237fa36bd3a87ae1892c4983ffbce57087facf,accepted,visually reviewed candidate
airplane,18,airplane_086.png,d7b94362f8e338af58e2716c5b5ee795f467874f95f61f47547aec205e677a03,accepted,visually reviewed candidate
airplane,19,airplane_009.png,3e7a75f755a30435e1b7020bc984912d133177d32d6908e9d6c660a04bb7a891,accepted,visually reviewed candidate
airplane,20,airplane_022.png,403b17880ced3f37170d46baf35996bc250e73af47cbed28ee2bef377b69d47c,accepted,visually reviewed candidate
airplane,21,airplane_026.png,4e2002fa66b2a2a64fb87fb3cc19fedd88d66c8e86b0ecbab019e82f2487eaec,accepted,visually reviewed candidate
airplane,22,airplane_006.png,b7d035016915f7373ea87f62ce9caf1f9dfa7e575c22e389494e6ff447932ba7,accepted,visually reviewed candidate
airplane,23,airplane_063.png,2cabfd235f8ed276823ce0f0fbdd0de38268d6d2a646aacad301c3974db729c2,rejected,visual audit rejection
airplane,24,airplane_044.png,c8d2dcc97a0a6fc7ddc1546f642788215e10ea9ee49664e6abeb41eff004ace5,accepted,visually reviewed candidate
airplane,25,airplane_035.png,4078c25a712aef3292beeec267a18612760dc3821857295218c07149a344ca3a,accepted,visually reviewed candidate
airplane,26,airplane_050.png,1e002a5e62ff2428f9a62e5d459b904ea8e7ad9958ede77bf8a61101d56bdd92,rejected,visual audit rejection
airplane,27,airplane_048.png,1e7b847c98a6701fcf21e96b86a48c751c14e37ce91b96bda5d231dc8fc19357,rejected,visual audit rejection
airplane,28,airplane_071.png,4777f5f6fdff2e3d89a06319c74197047cc54a4e13d35b697c611a8a50671a49,accepted,visually reviewed candidate
airplane,29,airplane_078.png,b9c48668b5d48f912238ad6cfddac42f66c61526d51a6af8f133ae502fca8550,rejected,visual audit rejection
airplane,30,airplane_084.png,da65e43d0b31781c438c012b9606be44136d14aee8158223a411483f45bca3d5,accepted,visually reviewed candidate
airplane,31,airplane_018.png,79946c298c41a3fd86d9133592ecca93d2fd01b934ee571f83be696146b365d9,rejected,visual audit rejection
airplane,32,airplane_030.png,f86c27ee3dd439ee3f47e2d5c5c9dcb52071b24c6eb403eadbe36b15a44be017,accepted,visually reviewed candidate
airplane,33,airplane_025.png,eb0d8e2d34f41a8cad316d0903800565934acfe7a55d52772e5f43222cb8b1be,rejected,visual audit rejection
airplane,34,airplane_011.png,6c831a8aeea137eb40f80004ca27a6ce3064ac017022ed3c1b288f4c796a9af7,rejected,visual audit rejection
airplane,35,airplane_087.png,91200bb4d91abf783f7588ad1d5a42c4158d6365cb9c5973473f2875fe0caa72,rejected,visual audit rejection
airplane,36,airplane_052.png,be5d240d77ebfd14b4bd090339021831c19548d06586f57cb225c0b2c96b3f71,accepted,visually reviewed candidate
airplane,37,airplane_053.png,ef8cbebf35ff77e96f5c59948c8554f0da05bd6c5128c96bcbfeebad41de1587,accepted,visually reviewed candidate
airplane,38,airplane_023.png,a36bd13d21412bd104661000acb187567bf21ab67f22aa2120ab690179a212d6,rejected,visual audit rejection
airplane,39,airplane_015.png,e89cf8c7101328f914811a5b0c340f82488e204dde69ed3de3f9c27bd1fc87a4,accepted,visually reviewed candidate
airplane,40,airplane_008.png,40143bf352cdbfb0c8e84d326c36b4cec9bc2bf0263f87c4b21d3f545d4da31c,accepted,visually reviewed candidate
airplane,41,airplane_027.png,7359e907ab8392fa68f7b0baa6a03516eab3ef2950bc0033cc6c32a0aeaed16f,accepted,visually reviewed candidate
airplane,42,airplane_066.png,76e62405f162057da8a09d629fb378c7acb061eeb34f7cd21f3b8374132deb47,accepted,visually reviewed candidate
bird,1,bird_091.png,5b8ae206d9f019bf1970f9856f6d93535af9469eb88190ef6da06362322da1da,accepted,visually reviewed candidate
bird,2,bird_017.png,9ff76b7e32ed12a6312aafada903921a6df201604cf184ca3eda8aeff08718dd,accepted,visually reviewed candidate
bird,3,bird_090.png,6b9e23efaeefca7efb638c8dda175e7289befe01c236993cbea847274433a958,accepted,visually reviewed candidate
bird,4,bird_063.png,4c567ddc169b1b876b69fb306215ad74177f89b1acb1045a166bb0d746cf0f3b,rejected,visual audit rejection
bird,5,bird_020.png,c02fcc251e1b8fe636d536e3b8aee501ca370132fed3976a59f1797616386542,rejected,visual audit rejection
bird,6,bird_086.png,7552035b3a90d76d412cefdadb078d1a23933286e0d13b71823bdf2d9bb06440,accepted,visually reviewed candidate
bird,7,bird_047.png,9db533399db6e65fe15379446075fc3bfa5a732bcf207437bb25f20dbd30758b,accepted,visually reviewed candidate
bird,8,bird_027.png,47849ba1c015a3613c148375706cb488445773096518be3d8c059a16d84a27d5,accepted,visually reviewed candidate
bird,9,bird_051.png,e95c9622e4e18101036ffac67aeef5477e55be710f8396865940d5d707c449e0,accepted,visually reviewed candidate
bird,10,bird_026.png,165e52ebc0feb2e158e41fc11ad15005b33ed039f07c44f557df15519ef6dcf4,accepted,visually reviewed candidate
bird,11,bird_006.png,b218fd41ede839a0b822739270880f54d19b5250f56c88cf9b366aabfa415010,accepted,visually reviewed candidate
bird,12,bird_031.png,0e8e8e998f883eafb25619aec9b2b650fbea8727a36d2fc86892a2056bf99922,accepted,visually reviewed candidate
bird,13,bird_011.png,958e9a5f9cdd96d2c092ad31827ff5f52fd53253142179f9325cf1dbfa2cb62f,accepted,visually reviewed candidate
bird,14,bird_068.png,aa2b833f4c3258b03b745ff8f9d3a3e571978db15ae3a888dce72ca83028b144,accepted,visually reviewed candidate
bird,15,bird_030.png,27055aefc49d85b5ebacbc0277e27634146ee4384c839f49f5014ba02b49eda7,accepted,visually reviewed candidate
bird,16,bird_007.png,c3c84c3bc389825b31a878b767e7cb4269f6fb1184b9b8aae835933083d258e3,accepted,visually reviewed candidate
bird,17,bird_080.png,19b648c7d714b903305f6a597568fac1d90240d7111d17fcd0f1918202f0233d,accepted,visually reviewed candidate
bird,18,bird_039.png,431c0d3186dc49782eeb635da4d74e0afb1ff64d9408559929c0f8d8b56e197b,accepted,visually reviewed candidate
bird,19,bird_076.png,bdff8cdb7624f0231c355cbdb39afc5c22d813c447a0823f9fbf92c99c8b4d0e,accepted,visually reviewed candidate
bird,20,bird_038.png,d4ddbcc845ca06a11119d5be02e98cad54e4632dc3144c1dddc2e140be628e42,accepted,visually reviewed candidate
bird,21,bird_056.png,595b21f17fd53a70f5ad30bdacfb07115e823187d22ff744cda909d7a95a58a3,accepted,visually reviewed candidate
bird,22,bird_042.png,d9f54f1f78b7477d3ce9222057ac1bf830531afbd4b24cc51ba6e4f843337ceb,accepted,visually reviewed candidate
bird,23,bird_071.png,8914b9dad851ec7e0df3610f7731d426aea52864ea76e771f6d95f66b99340e3,accepted,visually reviewed candidate
bird,24,bird_023.png,c902686b5e10c8b22638d5622d7c2ced588936ce0eb481245096de382f609586,accepted,visually reviewed candidate
bird,25,bird_079.png,3a92618b0df1b13970f70ef3e1bbc0eea10a88858dd7f783ef68b50f1d0587af,accepted,visually reviewed candidate
bird,26,bird_085.png,2c483c9b4b67864583f1a73124a479d5364d8c23e4ad6125b93d8f83598dd33f,accepted,visually reviewed candidate
bird,27,bird_082.png,358ac9c2eacadce7227ceaece56e717b9508bf416cc4576d850aeb7f8d8bf96b,accepted,visually reviewed candidate
bird,28,bird_059.png,f3cc6fbda7a1148b78993067b2ae2415b320c78734106aa8256b0d625b6636dd,accepted,visually reviewed candidate
bird,29,bird_037.png,ac6c109d7bcfd86879c1f38de91af8d417362f597d14bf75b7324a8deb7f70a9,accepted,visually reviewed candidate
bird,30,bird_053.png,4c35093ecd958cd219784c3bfa8115411a1b561c5d344c84ede204ded0719c27,accepted,visually reviewed candidate
bird,31,bird_055.png,8b1c83a4e9728da7ef153991cd9350a6aea87769a89e215521f70af2fd3d61a7,accepted,visually reviewed candidate
bird,32,bird_012.png,32fef7262d8bc6f069176bd62788a85f8fd602c5712d7d376e55d8f07ea5bfed,accepted,visually reviewed candidate
car,1,car_061.png,78736feca8a8b60e9db07f1c0f5b86c1fe18afa6d3e013619777eeaabe430807,accepted,visually reviewed candidate
car,2,car_080.png,4170d36eda3507f6f35ab0969f1923f6cd3fa8dc384cb738fa9df33a2678d245,accepted,visually reviewed candidate
car,3,car_069.png,bb9c2d7a0012388606d6577299d609955439609771ccfd57e6f875a2ef052def,accepted,visually reviewed candidate
car,4,car_009.png,6f88a3af419177ab0666fb603a182f16476cb587b38e3610bca25dace80cb141,rejected,visual audit rejection
car,5,car_050.png,1a74ef0dfe001e11d00bae5baee0fd84e46cf1523d9f44865ce040407bcc8b80,rejected,visual audit rejection
car,6,car_007.png,633c19aca9f9c365f009a32dd96c6bbfcc7e66208c308066bc20a9ceff763cad,accepted,visually reviewed candidate
car,7,car_017.png,e18f1ce2b2530f9379b68751a51e0613ed5c01f33dbfad0ecbc6543f987a06e0,rejected,visual audit rejection
car,8,car_051.png,3df1ba443f23c8b6f39c653d70a50a9f0e4b6174adedf1525d39b8ce4433c390,accepted,visually reviewed candidate
car,9,car_003.png,8b461dea1339816505d2e3cedf5851dba770eb6883a08ef49d8c526de421f628,accepted,visually reviewed candidate
car,10,car_048.png,752381a5ac1b1db76cc906b5d92be3e78b2f9766436314b516405d6d2b0cc58b,accepted,visually reviewed candidate
car,11,car_025.png,3f6008a038963f0eedea7dc27d85b1e46e8f0dd7d583beded264d0389d92dfa6,accepted,visually reviewed candidate
car,12,car_086.png,bbb3021b3b86bebb458e23c1763903421944bcc178bf5f175148d8f8dcf82285,accepted,visually reviewed candidate
car,13,car_062.png,9fc2d81c689ce6ab18b39e4142ccb3803a0c9d24285a5aefbec1b15a5ca5e75e,accepted,visually reviewed candidate
car,14,car_023.png,71e6ced499c6c532bb8e5e349a2124b44c937264458fa884c1dc75eaefaac623,accepted,visually reviewed candidate
car,15,car_008.png,66e0ad67b63bf05c7a43ebe0449aad1f8c52c086ed697d47dbb9a2328995ed7d,accepted,visually reviewed candidate
car,16,car_093.png,1a41cc9f4d9eb8db7c332e3280cb9e207e1f5c9f9e0dba481cef7c92c33581ce,accepted,visually reviewed candidate
car,17,car_016.png,f6e3463b5db59711528b531ef0f34d325b7f93ec54ccbf7465c4af424643bd5e,accepted,visually reviewed candidate
car,18,car_047.png,0ab7b1ddf81b68770fbb0245c5bf1339931db275296595914d8cf36103316789,accepted,visually reviewed candidate
car,19,car_044.png,fc4c9249911c0fc86ac2806dfc7a7b068cbf811f1baca8c4beb4ca8380845273,accepted,visually reviewed candidate
car,20,car_071.png,c517e644477ae60cc4b6187d3e2775a377bb65fd40d44b6a350c2f06ad179925,accepted,visually reviewed candidate
car,21,car_011.png,48f7bcbeac60becab1bfd2b739ca6eaff4b40ed64ebf9e3c91ed6437d7403b87,accepted,visually reviewed candidate
car,22,car_094.png,0e7bd0fbf7f4bdb894b885e9c3fe84cddc04b92b09212ce528fe14a80c1323a4,accepted,visually reviewed candidate
car,23,car_083.png,74fbf0e16339bec299d6f7ab8fa51a456641bd521c817a29bd7cba1274b995ec,accepted,visually reviewed candidate
car,24,car_022.png,588fea84107fbf7ff2629afbd7107437f841f9fb8a17fcc683d17053673bab13,accepted,visually reviewed candidate
car,25,car_082.png,678ac1399106c44eff586603e170d1b0898f72ba1ccf0c8503e9558f7697e275,accepted,visually reviewed candidate
car,26,car_020.png,2a91a0f46f728081e07ea502c57fe8cecb62c8b1db82c781a0e37d90c52b9c90,accepted,visually reviewed candidate
car,27,car_035.png,df496b30591172c9a5b9db46cda1eb0745bdb7239c12b4bc67c8437ac6626dcc,accepted,visually reviewed candidate
car,28,car_052.png,e57aa6cba41535008295c8b5ed46d6ba48eb6fafb8443b5e872927b1c8d7ca25,accepted,visually reviewed candidate
car,29,car_038.png,658a08d731354119985672824a03318aca2c495ae21f71107adb426a4ffe27c2,accepted,visually reviewed candidate
car,30,car_037.png,d132e904cc1af2e988128148e3d4efbc1abf9ab9c8786db3c2adf6dc55af5c09,accepted,visually reviewed candidate
car,31,car_010.png,389736f8abcb51fefd435bf7305e3e3de733490a2a6665d97d1c08d7dfded5fd,accepted,visually reviewed candidate
car,32,car_064.png,42f740e5eceb2d4fbad651011b9af8407109418c6dc0050ef6aa9bd2a3ed2274,accepted,visually reviewed candidate
car,33,car_032.png,f752d48620192829d77a31385d2e8c973a194cf836873df8ad0ed0bacf261e30,accepted,visually reviewed candidate
cat,1,cat_021.png,7ae8b3eb0776d58387e5dfa19fb2660cea23e8c37022a49d2ddaaee5b7061d1f,accepted,visually reviewed candidate
cat,2,cat_063.png,895466f2ed3f64c1490313d654f9449f2b7278692cd39c37f7adec2e86183ffb,accepted,visually reviewed candidate
cat,3,cat_089.png,803832f0fc39545be4b44a08b7ca393300b772df69a30c17a620392a17b7bd3c,accepted,visually reviewed candidate
cat,4,cat_007.png,92bf6ddcbf5965997658f67c0b2d95ca46364b06e9d8b848426c34ba3c5a65ec,accepted,visually reviewed candidate
cat,5,cat_035.png,bcad208eb093758640292b36642931b3a12bf6997b63578ad18a4d1effdf34b9,accepted,visually reviewed candidate
cat,6,cat_020.png,d4f91f09668609db988ce15b095e3bfbc749515ae2c171b5e68b5578700da365,accepted,visually reviewed candidate
cat,7,cat_096.png,efd11ed4cd16d091e0cd494a7b822273c56c1d35bcf35eb72f0beb92828cfcd6,accepted,visually reviewed candidate
cat,8,cat_095.png,e6406ec7bb79b2ab18e8c3a51a89a8be4a6235c5d55c8d2ec8fbfd032ab2f913,rejected,visual audit rejection
cat,9,cat_056.png,618d16c8daada3323faea26c3e8b657ab7b01c140ba86db29351e19df8eb0676,accepted,visually reviewed candidate
cat,10,cat_015.png,437372708f4672edddb8162da5a94e53532573a3a08f6e7cdde068736e87859b,accepted,visually reviewed candidate
cat,11,cat_061.png,310a2826eca297c057a4101f162c9ec4dce833fcf53a747fe5eb1e195a005fe7,accepted,visually reviewed candidate
cat,12,cat_079.png,1f3dd4d832600be88ff256c0900dbbdd27c69b9d289918729ec7192095b5d879,accepted,visually reviewed candidate
cat,13,cat_060.png,74194d27676dbf72c37a59006393a021713acf7d521709532e28f0d22783d219,accepted,visually reviewed candidate
cat,14,cat_083.png,7da6d27c730f90aeb672ff025693c85512df87535f2279452e61e8a1ec1d2e92,accepted,visually reviewed candidate
cat,15,cat_047.png,579ec771bf1e1458c6aed6989521362b34808205552df6bdff8a614aa3e0cbc2,accepted,visually reviewed candidate
cat,16,cat_078.png,98b42a958bebe887d89ec88c031f9d719c37667c68ed17b44ebc2415ea2b9140,accepted,visually reviewed candidate
cat,17,cat_044.png,b1265bb4a2a71f57d6005ec8afbcb329b5253831f179e61aaad4ed4460a680de,accepted,visually reviewed candidate
cat,18,cat_012.png,24b4053a6eaa2990ed46b27accdc32bf049089afddf13ba6716a17046daac4bd,accepted,visually reviewed candidate
cat,19,cat_041.png,31f0bc36bff8733d6d01666f073868d8310a3ea7ab56f29c22911fe5ff7f0209,accepted,visually reviewed candidate
cat,20,cat_038.png,e7178d24013da29b3a644fe37058981b59c69658a01a3ec4d13a01cebd588b87,accepted,visually reviewed candidate
cat,21,cat_039.png,668dba3dabb6010f78d4cdc69a0561043eb2a750abdeed7a651bbcce052769a9,accepted,visually reviewed candidate
cat,22,cat_017.png,186e2b2d06862e09e8407bbfc89426434ca10e3d0e1a98c9e5275e0da429d959,accepted,visually reviewed candidate
cat,23,cat_085.png,837f6f052e377fe223904963e0dabea4795a8e8df4daa31252403169c0db733a,accepted,visually reviewed candidate
cat,24,cat_065.png,c00241b67d13159d8f227f651712126be0217ce7852aeac96f95e75dd84d4c6f,accepted,visually reviewed candidate
cat,25,cat_098.png,ad9e9f360f0bd5c8cb2022edc47cc0effc9a5ba328a417421b45138f7223afa1,accepted,visually reviewed candidate
cat,26,cat_016.png,7bd35943457c9c1c372befb368e26440e72683798780df995c2964894a55d410,accepted,visually reviewed candidate
cat,27,cat_040.png,e493f8a9ccc1235934463b88948d03ae2b34fad25a0d3048525492de464dab04,accepted,visually reviewed candidate
cat,28,cat_001.png,a13935f935c3ff1aaf2375d87016d0bc92e1a633ae9917309938808ae918214b,accepted,visually reviewed candidate
cat,29,cat_062.png,1edfff69010e013101733c5a49001a89a2425648114a28aba53667cdac3c453b,accepted,visually reviewed candidate
cat,30,cat_003.png,e85fc718ba3cd6101bed9bba9319236272356d8241e4841d19735d6090a60f2b,accepted,visually reviewed candidate
cat,31,cat_087.png,c357f48452b81edfe83c64dd823f0dd593e453fe5c719b0aaf88275646bcf907,accepted,visually reviewed candidate
deer,1,deer_028.png,d5917e64d0d0b928f2250e8cfe85addeba0bc165be50434c9ee313672ff0b845,rejected,visual audit rejection
deer,2,deer_055.png,d2f9370b92d8ebef53f077fb74c0fe00003efbdc56ec917e730fb85eb77aa89e,accepted,visually reviewed candidate
deer,3,deer_042.png,3fee81822884369a37c642e580141bcddfaf9413535808ca6d0cf2ad44105e1c,accepted,visually reviewed candidate
deer,4,deer_023.png,24bef727325e02762952b71e785e919b213b60ed5c83c567cd4e128c52ca2f59,accepted,visually reviewed candidate
deer,5,deer_006.png,bd1fb1f1046575cb707affe5c0f87ac532608eae4e09c59e21d14b62f5d93181,accepted,visually reviewed candidate
deer,6,deer_064.png,4f98d4f0e20b33b33f0775e6defa54ab931255f8032ca39018d833b99e3010e0,accepted,visually reviewed candidate
deer,7,deer_007.png,9914990da463bfb1fdd02024132e25cf0336bc9839508cb2c186c7d8f64016bf,accepted,visually reviewed candidate
deer,8,deer_034.png,879010d083f61c6b956c0fac8d2125bf0197cbb811e386dea01900e463ad65e7,accepted,visually reviewed candidate
deer,9,deer_053.png,c5dd6323e855a3c443e60a4b373f0741719d4478c905b59a3bf5a0c4ac71d551,accepted,visually reviewed candidate
deer,10,deer_066.png,409ac7e5e3427f9e24a42d9235a902cd55e96f701415cb400a4aefb74a72c7d1,accepted,visually reviewed candidate
deer,11,deer_060.png,15eb30c4115fa01b27451b1264d0f28733b76dce8749c8a9501de266d6752a3a,accepted,visually reviewed candidate
deer,12,deer_086.png,95ae8225cd9b729dda5f8fb94802c13b28f320342d4f8056c63e8e3a8d5f080f,accepted,visually reviewed candidate
deer,13,deer_048.png,9ad2bbf7f8b2a75da83bebe9038069b9b609a1b12d081535ff107c02eea262b3,accepted,visually reviewed candidate
deer,14,deer_065.png,3095f2aceae21136dc9fecb5ea4c177da3c1a98a59983db52653d2ea09d5d540,accepted,visually reviewed candidate
deer,15,deer_032.png,97a2ebc30f6e289b5ccc125a589b208a622897e231f099bb909bacefbe81b5e4,accepted,visually reviewed candidate
deer,16,deer_041.png,7704b0b0c80bc631a7137860af605700d1cd770244c20e8f4d4a1f12feb706b5,accepted,visually reviewed candidate
deer,17,deer_061.png,96eea67ea7a367400350bdee5cbeb692d984e393f3c6e562a07e3f8e3aaf638e,accepted,visually reviewed candidate
deer,18,deer_057.png,d7fbd9aa12cbb1979469152f3fc1638b162e4f6b8b2dd5e992a4c43b8ea21a75,accepted,visually reviewed candidate
deer,19,deer_083.png,7eec7057c945f67057d686c8b7a578178413d5525905c816511124ff6f73c7ec,accepted,visually reviewed candidate
deer,20,deer_026.png,c0fc525f48fc0dda38ceedcbd179a37950b2140696348cb832354e97fa3873f2,accepted,visually reviewed candidate
deer,21,deer_063.png,dfcb357a9a6495d8366cd49b377436bf59d06a1c05625794c8c665561c3638e0,accepted,visually reviewed candidate
deer,22,deer_002.png,be2b5c719cd8166fa1e8ed1aeaf4c575ca4dfc9230e827af9bdd3174912c57c0,accepted,visually reviewed candidate
deer,23,deer_010.png,ff14dd78981905d7fec61dea908056b6d1986c9d2514d17d89cafd2c49d51004,accepted,visually reviewed candidate
deer,24,deer_082.png,167cdf956a7d095a0a9e1e0765401c65dbdfc62da8b8c32cd446bf4b5ee30c5c,accepted,visually reviewed candidate
deer,25,deer_035.png,2cdda02d7995010f064d6a83c871aff4d3e75626bd667d1ffdda7b6b7f07397d,accepted,visually reviewed candidate
deer,26,deer_022.png,8fdc09d25b4b9210b81c672a7a74f245fd9e3a60afa95b39650386830db820c2,accepted,visually reviewed candidate
deer,27,deer_043.png,caa99c340dd6a1ef8c1b176a7cd3740a6056beb6cad1a71614f273494343a4cf,rejected,visual audit rejection
deer,28,deer_031.png,2eb93abe66cac5975473d2b3f33cffeb22a1286abd7a8e0a5fea40d0884652fd,accepted,visually reviewed candidate
deer,29,deer_004.png,9b0d58ad6ab781b2c4c69f8c2902d7b939ccb868ba58045d571e583c6dbae0df,accepted,visually reviewed candidate
deer,30,deer_037.png,393ab1a9c950823d993ca84ad64d9cf487cb69334be94e772d41f74d4931e1f4,rejected,visual audit rejection
deer,31,deer_008.png,5bae9f788906c7508450a982da387f2b0b6c75b39d54be45cf8c9ffff0756cb9,accepted,visually reviewed candidate
deer,32,deer_046.png,3d2495913fc3436668697f82a430a21b5a26ec0b5d7c380f32997b982715566b,accepted,visually reviewed candidate
deer,33,deer_038.png,10f1e54481d611c333aa5c296ea15d67e1dce0b1ba240e4661db9a7dbc523ee6,accepted,visually reviewed candidate
dog,1,dog_088.png,05987e41faa1e6f79f427ce956bf1f430951268cf3a0929866c2d15f491cfe57,rejected,visual audit rejection
dog,2,dog_066.png,ff35dc51d680265806ce9d103cd553bef43264d226178270e24ceda7d6116f81,accepted,visually reviewed candidate
dog,3,dog_005.png,163bb13a78d13c870d26d42fe49e091e9cbe5406fdef31ae261e5129014f3bdd,accepted,visually reviewed candidate
dog,4,dog_044.png,dcd82d1f5d779296c430aeca84259d3bd5602fc77020c685a3d6ed7d44744f00,accepted,visually reviewed candidate
dog,5,dog_032.png,8ec8270f59bfb3c2474ca238a206e2b63bfb30230135ecf040d2061087a9a438,accepted,visually reviewed candidate
dog,6,dog_004.png,baac093a60d82d7332171458d3d3798834d184ff025c30034f0ee4df91a7ee50,accepted,visually reviewed candidate
dog,7,dog_077.png,8cbd397533a835f151d87e0d05a2a6a660a717d35c8037bff9c0731a630654c4,rejected,visual audit rejection
dog,8,dog_054.png,eef51f58598f252d57edc653fce841c68bbdc54b88725c04cbfba3af2116c78c,accepted,visually reviewed candidate
dog,9,dog_019.png,549bc8c0b6ada66764234b363a772c367dcbbf2fe09120858f0ba62998f57fe6,accepted,visually reviewed candidate
dog,10,dog_080.png,44240f2de1f680acce6feec49b95eb570d4ae76751c78e93aa1751bead64b31b,accepted,visually reviewed candidate
dog,11,dog_020.png,0c940632ea376fca9be2ecb2b3683a08a621e7a4769362b73e41e83bfdab650d,accepted,visually reviewed candidate
dog,12,dog_055.png,f89220f7305ab772a5078b5472f200063ab16f4bae40978c6c425b3533a9add1,rejected,visual audit rejection
dog,13,dog_071.png,b428a165767298eaa94a8d9ff1d835d94822ab77761ac7ae40c8aa7a9276899b,accepted,visually reviewed candidate
dog,14,dog_067.png,c4c3ebeea34af1b690f6226d956b911e0b328e815896724112f34ce84becabd4,accepted,visually reviewed candidate
dog,15,dog_074.png,9974573ff357036f87de7633491f199adfd3468249c1fb31fb1d364501e82826,accepted,visually reviewed candidate
dog,16,dog_056.png,42d30ac937d15649916ce6b600eceb8c8c613a1b97a9e965ac02c424067eeb79,accepted,visually reviewed candidate
dog,17,dog_007.png,27d2d9de4ef6c1b59e3b8da071ff4194be9ca48f989fe95098952e05c5a912a8,accepted,visually reviewed candidate
dog,18,dog_058.png,f193c8c9bb4c02f3f43f0594d113664ec621e5dee98ec0786962b52fe26bc791,accepted,visually reviewed candidate
dog,19,dog_010.png,c5df1fddfda3d243361bc213b90fd5be97b8ddc83139469779ff51a6b818baec,accepted,visually reviewed candidate
dog,20,dog_051.png,d03617b665b337a82bdceb405c2cd991261335f6e6a17ef289553ef5ce4245dc,accepted,visually reviewed candidate
dog,21,dog_014.png,f878dc7d910e73db504462d4794456dd8e20669d4b47880e22766c03a713e3d4,accepted,visually reviewed candidate
dog,22,dog_060.png,a1bb679c1cdd1ec475d1d11560cc7d3d272e47a5ee0a2031abe05738de7e92fe,accepted,visually reviewed candidate
dog,23,dog_086.png,307888c50207a97efcf92a32118f7a73b73a308cddb1914626836430c3718e35,rejected,visual audit rejection
dog,24,dog_047.png,9aa2f544c6d85371627e10baf4410c85e04faf6b83927b50faa2fcbed266b69e,accepted,visually reviewed candidate
dog,25,dog_095.png,1fa73af9df68b4a34d3aab4a45988566b33dbe4a2031c5b4471e1769ca8d3a05,rejected,visual audit rejection
dog,26,dog_087.png,3709e19dff8e92b784b17fd0ea3566451db809db97b31c2a5d5ec5eba00c63fb,accepted,visually reviewed candidate
dog,27,dog_042.png,e4a7604f587f50df4e269534d4052a1317e56c34fcfd9c12e1075afaea39447f,accepted,visually reviewed candidate
dog,28,dog_085.png,3b33ff6b00fa3105ed0e6bb433b86564eef041787b7fb0b2ee0166f02d89982b,accepted,visually reviewed candidate
dog,29,dog_021.png,e40f9040dfc2bb21cf3edc9852c8b8473c48b0e29268eba433b21a2415a32a84,accepted,visually reviewed candidate
dog,30,dog_094.png,6b396e9865751f4ce1bee63c6c7dfaea031f5d5e06ced518aba0a4c35f5bc493,accepted,visually reviewed candidate
dog,31,dog_065.png,c32f6a92c51551173e60436b061a79b2561c55c2a6be5d0cde24dbe4910d3af7,accepted,visually reviewed candidate
dog,32,dog_075.png,31494a1385bcef36e6adec7925d54f369deaaf38445080d251235d53aa4a2d65,accepted,visually reviewed candidate
dog,33,dog_093.png,dc49da49f26a0d3840d768bac0b90957cfa33545305963f302cfdf0ab91143e8,accepted,visually reviewed candidate
dog,34,dog_022.png,135b4260f1379ee337e03071277a837f652ab48a1833d6b803d14d17ff4f46ce,accepted,visually reviewed candidate
dog,35,dog_028.png,5f59305508768227433d33ef5062cef4b81bffb3c317aa6e981cd61ca6f96a41,accepted,visually reviewed candidate
horse,1,horse_069.png,0551cb443669dcfc4ccc8a4dab182ba8558b0b2870270e6989bb06f7bc059f50,accepted,visually reviewed candidate
horse,2,horse_024.png,e205466b32f4064ef713c19b342625b9b613553333946305566b8a5cbca8e7b4,accepted,visually reviewed candidate
horse,3,horse_020.png,47da1e94df3c77c0a37ce8a2ad22f1b934b3b94fbf56c80b8ccef77c1485cf8e,accepted,visually reviewed candidate
horse,4,horse_090.png,e7e84b862d6364503b122c6ff1a1109614567face2374f9c23c82543e8659bd1,rejected,visual audit rejection
horse,5,horse_074.png,72d81c52bb4eb52944ea7a1e122b4a7164e9761204b83048a3a9c2e7b8e584d8,accepted,visually reviewed candidate
horse,6,horse_035.png,68367d0d9384a851bd47a39db24e1bb53331973972cd11df748a7493493d6f47,accepted,visually reviewed candidate
horse,7,horse_057.png,e9bd4d72ffb628fb1a9af3dec7dfba24e779bd0d9eb44804b3920bc94d1fa9f5,accepted,visually reviewed candidate
horse,8,horse_093.png,912da93d40e696436d738312c010e096d8fed4d36d6ca98827f8c2f344ef0bce,accepted,visually reviewed candidate
horse,9,horse_094.png,3397014a91146c143330477450129d1e3d31baf12abbfcd5fe049e9bf51c3a14,accepted,visually reviewed candidate
horse,10,horse_040.png,ddfd059f9fa44e485f1d3df057af8ac5722ec956b1a5f0612995793ec2b51054,accepted,visually reviewed candidate
horse,11,horse_081.png,3f8e1121780c5a1d664d779cd9021efe1fe0a387373ec9dc3815cc7b53663513,accepted,visually reviewed candidate
horse,12,horse_085.png,db9d94a40fd3954e57d45898e94f44baa96ecf0413c9d9da193e0466ff6257bb,accepted,visually reviewed candidate
horse,13,horse_029.png,eb067d33907a681d6dc55c16458c80f815f45681b085defa1b5e52f4c20d4eed,accepted,visually reviewed candidate
horse,14,horse_060.png,db717bc48aab31a1d3da0325a7742d6349669e29fb788f45a549a83036a18eb5,accepted,visually reviewed candidate
horse,15,horse_063.png,07e8106c518bd0923984805f1b6a2d80229d065620c50e57ba4658f91f0dc5fe,accepted,visually reviewed candidate
horse,16,horse_025.png,1ac573b8b0f48f35285e7fabb11c8d36f7910755cc6ee5c7f06ddcf185b8932a,accepted,visually reviewed candidate
horse,17,horse_036.png,4a7cd936711b1fecf2162121a01cee5f9d5b48ba8eb5d95d261bfd5f779131e3,accepted,visually reviewed candidate
horse,18,horse_086.png,7f213be3b90ef7c317e3af4bfde53ad6fa775f5c9a2093ff56d5cb783f533b73,accepted,visually reviewed candidate
horse,19,horse_078.png,5e9b6085c0ea6fd7d9092603ccfd5632aff455994ebc1c3546143652e5d1c2ad,accepted,visually reviewed candidate
horse,20,horse_033.png,221cd79685c65df7ceb7fd083f64feabe2256179776b959e184e91ebb07d94c5,accepted,visually reviewed candidate
horse,21,horse_003.png,248cbc629afa001f2027992e3cf8b27ad237ad784abebf5b1ef2e848bedbf72e,accepted,visually reviewed candidate
horse,22,horse_030.png,db808c328ccaf03c7c357c46a52eb7a504eb6d9c69986cdab05d04679b6c1c7f,accepted,visually reviewed candidate
horse,23,horse_075.png,522e61ff28d39ac315b9b1b36e0a2ae262338bf95c35a302b38a8e3c74dd0e86,accepted,visually reviewed candidate
horse,24,horse_082.png,67bfe0311bcb7bb53c8ba47c64eaf81840c97907799f833282582f798158dbaf,accepted,visually reviewed candidate
horse,25,horse_006.png,f5eeae5e0846a3783ecbede11da8239e479ace5459e81be4bc70229e53e2b71b,accepted,visually reviewed candidate
horse,26,horse_052.png,e60b1f340b49bed8dd26a9bd749efa2cc47e505aa2510202e32b45843b7583ac,accepted,visually reviewed candidate
horse,27,horse_002.png,ebf7d8cc7e1259977e7a5b1b2f0d1c2d201b8fcf7de57cdec184ca1698fadfe5,accepted,visually reviewed candidate
horse,28,horse_038.png,1f600ab2ca19f3e31e07750299570280d927694c6fea08d889e6a458783a2132,accepted,visually reviewed candidate
horse,29,horse_062.png,c2006fc2ac7a49210bb9e1be8611767faae8d4d62384438db16851e55029b3ed,accepted,visually reviewed candidate
horse,30,horse_068.png,c432af54b8753874d0f4f8fee85c4c2a3f55387d8b10988d6c7736eb0e26130e,accepted,visually reviewed candidate
horse,31,horse_041.png,7096a5a6c8b9e68f6ced26649e7c8b33916a4f77708e45097a9cd13edc1f28da,accepted,visually reviewed candidate
monkey,1,monkey_070.png,8833865e8f1dbf7460e0692aa275b746dc8346ca052acba19b9d2c1a863c5b0c,rejected,visual audit rejection
monkey,2,monkey_090.png,2218a9c17a07a43b2de0322c08db428a8305840f9d3347bce62f66a3beb40b19,accepted,visually reviewed candidate
monkey,3,monkey_048.png,7826defaedd8501a54eed27c952628464ff6b0e15e5e550592cd82dfc0a0e13f,accepted,visually reviewed candidate
monkey,4,monkey_034.png,01a64d2da96a10121373d055a44f68467408c6c244ff4c281a7fa237b2738ebd,accepted,visually reviewed candidate
monkey,5,monkey_036.png,9ddce50bf493e16e94d50b50b75fe1ca25a7c4f5021240420781cc830eba75b2,accepted,visually reviewed candidate
monkey,6,monkey_057.png,57f143bbfd0a645e84cba4803c23b47af104388a4d7d5cf931c27cd6da0bf968,rejected,visual audit rejection
monkey,7,monkey_050.png,8cb53069b2a62e66a271ba55841e5ddfaf373785c1d0a35928e842e1a69084b2,rejected,visual audit rejection
monkey,8,monkey_020.png,0c5eb0e44eaa3c4607e9c19de01a4e1dd19b79aaea9f4fd4c44fb789df8e6a2c,accepted,visually reviewed candidate
monkey,9,monkey_002.png,3e3ac100a8c42a709bfefaabeb3105f7dc016eeea923fa4bcdcced3302a47b11,accepted,visually reviewed candidate
monkey,10,monkey_024.png,6c3ae14179722dcf20baba2a5dc03208c4742d562cd1343da2f75e1f9214b34c,rejected,visual audit rejection
monkey,11,monkey_017.png,d42e243527a99238a15773d09a9da824e00dca57c0b74e88e4bdab971ef93416,accepted,visually reviewed candidate
monkey,12,monkey_009.png,c72738ae6fd3021c4bcf9cb0cae0a9b25cbfa85f7fe3f41affafa7a8a830d93c,accepted,visually reviewed candidate
monkey,13,monkey_054.png,eeb3f45b397a7b0e48af2d1e20572e4f6f2985957c537390349ceab6529a7387,accepted,visually reviewed candidate
monkey,14,monkey_084.png,64a877bcf00cbe2d6a65be2ee318fee38ef5b5aa59faa613daf48319de690c5c,accepted,visually reviewed candidate
monkey,15,monkey_025.png,751013b144c1b83a7a55581693148cfd9fa71bd2be50f9245068f0cbf9eac5e7,rejected,visual audit rejection
monkey,16,monkey_081.png,0b1d56bde07b903e96debc821ee084234c217977e4ad52c1923b4e3f4d6473d2,accepted,visually reviewed candidate
monkey,17,monkey_037.png,0dca4105fc4b08f230517b6ec910acfb54aaf5b7a29a24f4c346fd0c500b3a0e,accepted,visually reviewed candidate
monkey,18,monkey_071.png,add567809877a80cd9d8adbe5d4c15088993ffffdac0848a885bb020dc546272,accepted,visually reviewed candidate
monkey,19,monkey_063.png,51b6be4fd077b03fc781db7325f22e7293acf2b9640d91e9eae4506f50a453a2,rejected,visual audit rejection
monkey,20,monkey_021.png,ff1dbe039d67a84ace94d0dc3e9e9eca1b3fa3f49229267fa5abbd7e1b66837a,accepted,visually reviewed candidate
monkey,21,monkey_074.png,23b91c2a2c9a1b804221d2c10a54a12fed4ad4bf89570a2b55d1d945679ef88f,accepted,visually reviewed candidate
monkey,22,monkey_008.png,8d960c2baa1c7fa49ac46e96bf3881138b07268e40f15d24398cf24e6f51b7f7,rejected,visual audit rejection
monkey,23,monkey_094.png,b04b016a47dfbf66b46ceb036d29e8c11ca3a9e63dd729a1d22f7b82c55b4524,accepted,visually reviewed candidate
monkey,24,monkey_012.png,63589b1a37da0895a5341673f52655dabdcece85912baa451dc297c03361c9d0,accepted,visually reviewed candidate
monkey,25,monkey_019.png,1c50210bbb99fca6a0df6e3b328afda68ab641d9fbe56c0be71c49c1dc52f7f6,accepted,visually reviewed candidate
monkey,26,monkey_087.png,42e3a90a0e759ed6372cf4b6a92476afc5b3edaf6ded85a3497dde4bbf2b8c6f,accepted,visually reviewed candidate
monkey,27,monkey_007.png,5e5989c786a2f571d266e39f29f3efe788dcea16824e9df179bd7b2167f81229,accepted,visually reviewed candidate
monkey,28,monkey_044.png,64e7e8ba9c5d8a82d4c6163989297e234b0ff8d644660300906695702144abc4,accepted,visually reviewed candidate
monkey,29,monkey_022.png,28296915e8f94d0ae807c9550e94a446149fce1805be00ce2a8a0fa2b786da93,accepted,visually reviewed candidate
monkey,30,monkey_003.png,45d95dcf567aad695eb4c2a1997d60f04f38167902abdaef099d6a94381629e8,accepted,visually reviewed candidate
monkey,31,monkey_092.png,df2cab077e7d992af2b4838ca272f45a35e3b3d2dcb0a0b0bf478e0582198f28,accepted,visually reviewed candidate
monkey,32,monkey_014.png,e9eb5aeb2568f361b8736afd562d9dbfd79d0a694f4950a23213ad1a873114cc,accepted,visually reviewed candidate
monkey,33,monkey_004.png,7c40b9b3de7a2ff89f473db4b9093c1ee065b6fd0929d5ec4a736f5a40663d5a,accepted,visually reviewed candidate
monkey,34,monkey_067.png,6fec7eefe5a4d97d4bf9552ef46e54164293d3d491b37818b14d73bd68615fe5,accepted,visually reviewed candidate
monkey,35,monkey_086.png,0807ea491edcef6569fcbadd4a1a026c0af238d1d43d2189dc3d145102097d4a,accepted,visually reviewed candidate
monkey,36,monkey_032.png,30d0600bc02afef13e237e4a282667c341f2a9d5b1cc86219e2b27330d1c0599,rejected,visual audit rejection
monkey,37,monkey_066.png,c686a837b1f267285a38af68bcb2a1db7550bc2136d654faabf15219973f9cc5,rejected,visual audit rejection
monkey,38,monkey_053.png,804e346c1d852d3bbffa11ee56a3c53562a3657bf5a0af0fe142a0be3b8e50cc,accepted,visually reviewed candidate
monkey,39,monkey_058.png,b2ec255a72e5f483f70efe7bbdf2a053a8012f921bc8932664502d8829ec2591,accepted,visually reviewed candidate
ship,1,ship_047.png,72c04e86a1b5f578a68b80e39bde3b9700d61d8fdd94de9602ce11e8a7b01ce8,accepted,visually reviewed candidate
ship,2,ship_033.png,0558e65b00565c43777a5c012e66f514fecf37db37f18009ede0794992f4beb4,accepted,visually reviewed candidate
ship,3,ship_012.png,f9b3e9c5525c2a97bc9870f52824f945acacab114fcb1410a7bb133307c72fc0,accepted,visually reviewed candidate
ship,4,ship_016.png,0e5f300b2389944384b258a972e8e92f3bef01f5760238cb8724815ed99dd272,rejected,visual audit rejection
ship,5,ship_055.png,5321e451abcaf0a16a35e47e6a35eca5812eeb2d0c52557119f60531891806f0,accepted,visually reviewed candidate
ship,6,ship_006.png,408ee7ad06d5f5d591518ed114dad0830ed2502bb310a22229566514ceacbec1,rejected,visual audit rejection
ship,7,ship_070.png,c5e14dc438ef2fca331083f8270da1e98dd76b3388e829a2b8bdc9931184a6e9,accepted,visually reviewed candidate
ship,8,ship_028.png,ea82b4b888360c74100dd15bb39895f5f15fa4ff29348d02f36450c69f8dba7b,accepted,visually reviewed candidate
ship,9,ship_037.png,f5c5be478df3a55753dc5af37b02d3d03f18767f13f40b2b66ac308ebc9ee426,accepted,visually reviewed candidate
ship,10,ship_087.png,96009f862742eed477cf3842dd44b24d242545a36581b7eab4380fdec5131a4f,accepted,visually reviewed candidate
ship,11,ship_044.png,c3cd032db98a5fc7c98c39f72440c23769b53ad79508796e3dc01d5a5caf04f9,accepted,visually reviewed candidate
ship,12,ship_083.png,6049d2c7d57374c938933753cd7bf2462bb60adeedd675fd7f29b3045a23c6ef,accepted,visually reviewed candidate
ship,13,ship_013.png,07c1a0ef826d91d12b2339ec4b8c31cb59cff49cdf8822b66b5bf436de4a12d2,accepted,visually reviewed candidate
ship,14,ship_065.png,02430a13bcada66cdca8db2f3cf45ab8e7c70291d8abb0afe34f5751fba3e7a1,accepted,visually reviewed candidate
ship,15,ship_004.png,e91cdef5506ea87b6f8b2eaad1764c3839028c3bcaa4fe9f4676e1d15765740a,accepted,visually reviewed candidate
ship,16,ship_079.png,bbd74ba034b424e8f63d3156199ef71302ecfb1e166a636c526529fa15ccba8c,accepted,visually reviewed candidate
ship,17,ship_007.png,35fa5be80b3d214135a86705515b8ec3b7bf5b1a2cf7bf6104bcf2c7ced51402,accepted,visually reviewed candidate
ship,18,ship_040.png,0c76059b5ec2bb563fde9707b568543cff6731e2935e5364e7821f88daa25394,accepted,visually reviewed candidate
ship,19,ship_002.png,e81d218712636ec71f97f65e8c702f8a75cd5bb8d10c7fbdd63843ab68eabc9f,accepted,visually reviewed candidate
ship,20,ship_038.png,eaea2b0b9f749d7e93b7b444cb2e98b2cd36f017c740d41ef8f25ae68c761073,rejected,visual audit rejection
ship,21,ship_061.png,57f3b880c639f989583b4626452dbe71d13f09be9777e91f42125e9fe55c978a,accepted,visually reviewed candidate
ship,22,ship_074.png,dc342d43268fa4b8d582aedfe58c06d94161bdcdfa2c3cd4208a70b1825deff4,accepted,visually reviewed candidate
ship,23,ship_062.png,6e97ef25f377c179afb55dbe867c193f12cdb4839b619aa90c502ed7ebf19043,accepted,visually reviewed candidate
ship,24,ship_008.png,b22ca6203d948249e3ccb1bf0351804fb10d453588bcfe3a8c29d612c68fd2dd,accepted,visually reviewed candidate
ship,25,ship_078.png,ba377d0316496405ca0a01a57459c4d86a64a820579acf86bac9713a1c5fdc5e,accepted,visually reviewed candidate
ship,26,ship_057.png,3a8e5593acb2b41ada945b304599d97c6f6b48c39a3d32aec0daa520e4c5cd15,accepted,visually reviewed candidate
ship,27,ship_023.png,9f7954fc12d640997e0671c66f18579d2d33b424ccb00c4810e2b44be3a81e69,accepted,visually reviewed candidate
ship,28,ship_005.png,636a3ed1527d755fff3eee3ba5922921b29ef5e6ebe49247b6d745a49449833e,rejected,visual audit rejection
ship,29,ship_053.png,5954564995704b4ccd0675a40b0e2f4849ce430fd68896161564615d42ee1047,rejected,visual audit rejection
ship,30,ship_003.png,1e418787b15103095031e5e1937ef4526dfe947baa86bd41cac1b582da6a5bde,accepted,visually reviewed candidate
ship,31,ship_022.png,c5d2bb690ead53f2d27381d5b8b50e8f1e14872e8ba041ebdf24daef02871df9,accepted,visually reviewed candidate
ship,32,ship_020.png,1364a8617751ba7aca597a5db05b23bd229c4558323dd1ab32989fdff7f64828,accepted,visually reviewed candidate
ship,33,ship_086.png,71d5c9e1682f8ca97e6a456c9fd1a995385d3321a62657485fbf95a16f9986fc,rejected,visual audit rejection
ship,34,ship_015.png,e7a8ffd16eaf70cd2b23c197d656ddd022d783fb402f7d0174cb4d5683b26c70,accepted,visually reviewed candidate
ship,35,ship_018.png,42187d065bb4037d1b93b3cbf9c9310d185ee0d668cfa6889fdc751d4fea2ada,accepted,visually reviewed candidate
ship,36,ship_089.png,813480def96cbe697e99bdf432686b7b38060d5d16688282a25d50fa9f9c86bc,accepted,visually reviewed candidate
truck,1,truck_012.png,a938133ac1382f812dc85bf60acc2ffbdb3f73c1aec5570eeedcaa5828f31c0f,accepted,visually reviewed candidate
truck,2,truck_045.png,40c9d071313cd0bcfd462b25ead19b7cd4eb99c7d2e7aba61f9e332b5daf067a,accepted,visually reviewed candidate
truck,3,truck_016.png,21959209a5df310c0724af9c6a53ce94107f14ec78b1a407339791ab3702c324,accepted,visually reviewed candidate
truck,4,truck_079.png,183610822e8ecd92d8cabf03ca7d046cf14c875573d857104465609c43bc8bf1,accepted,visually reviewed candidate
truck,5,truck_010.png,decfb44fb5d7b7faf13025805b4ff137444940897d130cf70f94b03389dda460,accepted,visually reviewed candidate
truck,6,truck_085.png,8f13f11bf5c40d47ec64f720abb8055c3a69055cef3953dfa200d0a55008b6f2,accepted,visually reviewed candidate
truck,7,truck_077.png,cc9820e8949c82ff50853df979d6cbdc76e69e8810ab8b0521511636fd4fe826,accepted,visually reviewed candidate
truck,8,truck_058.png,a2630c59d358ac1a5e5c884b3bce5bdb79eaa2a7203b057e052d6956cc020da4,accepted,visually reviewed candidate
truck,9,truck_078.png,b28268f559b7bf7dec69f6e493ab339e5274ac3745b5516a5c8793857b497034,accepted,visually reviewed candidate
truck,10,truck_087.png,728f97ee8d3766da5f083e62fa0bc878d789a1c2762c968f3d51ed3a033b2070,accepted,visually reviewed candidate
truck,11,truck_023.png,fe7d2c831ae142caff781870244eb8549e6bf6bfbfdb0552e2a1595324fa3fd4,accepted,visually reviewed candidate
truck,12,truck_013.png,c4fd646201e187c3da09bcece282ad63c547478cca7c1e9ec7aea7a96d886193,accepted,visually reviewed candidate
truck,13,truck_017.png,0d9b7cefad3d82dcaf56905f512fb73a865e45dec8aa9675396f76f8976e6b29,accepted,visually reviewed candidate
truck,14,truck_004.png,631075744fc190cf9fd412c04b5712f189d2989edad62e03fdd28c5d0f04a778,accepted,visually reviewed candidate
truck,15,truck_008.png,1b47d8f25d33d5a7d9f8006cadc14f04b9dfd2479ef23d7b76443debf30ddc6a,accepted,visually reviewed candidate
truck,16,truck_035.png,1914fb6f98ac489e3a7246cb632dd9c93a33a86df74d2f480a6adf3fd3715c27,accepted,visually reviewed candidate
truck,17,truck_032.png,74b21479524f34e16878f89e2a642de9feddd6413b07e3dd3d533fa0ea26ab5e,rejected,visual audit rejection
truck,18,truck_019.png,fad4fc795cd2c2cdcc9cf5c79686f2232eb0a3e04c30e967740580f7b7edaf2c,accepted,visually reviewed candidate
truck,19,truck_051.png,2ffb862533eb4410f5dd24d8d7ee536dc96ac1fd27692c0042a40768675584e4,accepted,visually reviewed candidate
truck,20,truck_018.png,4a82d6733ec4897f498e8f4e6946f09dc0c64048217e16a0097ba4308b4076dc,accepted,visually reviewed candidate
truck,21,truck_006.png,c534597e0cd8993370a02ba6a809cff3747c7b0d4222ba5477f1de78a5781a8e,accepted,visually reviewed candidate
truck,22,truck_024.png,297b25a5a740a156b5493c69ccc38def494d9c5ffb42bbb921c1a1d266ddc45e,accepted,visually reviewed candidate
truck,23,truck_086.png,d4956b47cce34f14a9cad81e8252549bca8b0822228dc816b8bc97e453ad136f,accepted,visually reviewed candidate
truck,24,truck_036.png,ec2f8a5f78ce2ae1d0a1f9e39d5829d1c9fea93175e3f6eb579ee412db96c68f,rejected,visual audit rejection
truck,25,truck_056.png,d477f62600787d30d28bad6664017284ab7760d88c552c5573f8aa5f90ff24f4,accepted,visually reviewed candidate
truck,26,truck_028.png,a2fd07b638aa7f899a3adaae08536bf19d1d86c5cfc1944d7643009b67fcae1f,accepted,visually reviewed candidate
truck,27,truck_057.png,ef599fac8725841c43bcb936d944a22356f917d847a09fbf0a65f65e6989497b,accepted,visually reviewed candidate
truck,28,truck_072.png,8c54bd7e7bf58424961fc57cc4b113ac04c84941a94e1b0cc9dbca5cfe1ec4c9,accepted,visually reviewed candidate
truck,29,truck_034.png,e56857434a24fca3f77c64327ba67945bcc5337ec799ad86f1f37bbb92dfbf3e,accepted,visually reviewed candidate
truck,30,truck_044.png,93239db4c372704193100964230e7e2851719171793bd4fe30a695bd9651efc3,accepted,visually reviewed candidate
truck,31,truck_063.png,92534595021e6127e6c44373d92a44f3041b778f837dad460fe83d83d0a191fa,rejected,visual audit rejection
truck,32,truck_049.png,3468a57f0804e002d0c4ec5dd650855011689ef36dcfda23823ef0cba10f991c,accepted,visually reviewed candidate
truck,33,truck_001.png,161f19d92766956dda4be5a30fcfdd6b7c297ea4c9a15a53fc682e7f34be21b0,accepted,visually reviewed candidate
